Publish Date,Organization,Source Country,Product Name,Manufacturer (as displayed),Distributor,Reason,More Info,URL
2026-03-12,National Agency for Food and Drug Administration and Control (NAFDAC),Nigeria,Avastin,,,Alert on Confirmed Counterfeit of Avastin 400mg/ 16ml and Tecentriq 1200mg/20ml in Nigeria,"Batch Number: H4239A70, H2290A34, A3508B02, B3071A12 Expiry Date: 10/2026, 05/2027, 12/2026, 01/10/2026",https://nafdac.gov.ng/public-alert-no-015-2026-alert-on-confirmed-counterfeit-of-avastin-400mg-16ml-and-tecentriq-1200mg-20ml-in-nigeria/
2026-03-12,National Agency for Food and Drug Administration and Control (NAFDAC),Nigeria,Herceptin,"F.Hoffmann-La Roche Ltd, Kaiseraugust, Switzerland",,Alert on Confirmed Counterfeit of Herceptin 600 mg in Nigeria,Batch Number: A8519B34 Expiry Date: 11/2026,https://nafdac.gov.ng/public-alert-no-017-2026-alert-on-confirmed-counterfeit-of-herceptin-600-mg-in-nigeria/
2026-03-08,National Agency for Food and Drug Administration and Control (NAFDAC),Nigeria,Phesgo,,,Alert on Confirmed Counterfeits PHESGO 600mg With Batch Numbers B2346B16 and C3809C5,"Batch Number: C3809C51, B2346B16 Expiry Date: 01/2026, 05/2028",https://nafdac.gov.ng/public-alert-no-014-2026-alert-on-confirmed-counterfeits-phesgo-600mg-with-batch-numbers-b2346b16-and-c3809c5/
2026-01-21,U.S. Food and Drug Administration (FDA),United States,Lanreotide,,,Presence of Particulate Matter.,"Lanreotide Injection, 120 mg/0.5 mL, 0.5 mL per pre-filled syringe, For deep subcutaneous injection, Rx Only, Manufactured for: Cipla USA, Inc., 10 Independence Boulevard, Suite 300, Warren, NJ 07059.  NDC:  69097-870-67 Lot, expiry:   4301954IR1 , exp  31/10/2026 ;  4301994IR1 , exp  31/10/2026 ;  4301995IR1 , exp  31/10/2026 ;  4301996IR1 , exp  31/10/2026 ;  4400005IR1 , exp  30/11/2026 ;  4400006IR1 , exp  30/11/2026 ;  4400007IR1 , exp  30/11/2026 ;  4400124IR1 , exp  30/11/2026 ;  4400154IR1 , exp  30/11/2026 ;  4400155IR1 , exp  30/11/2026 ;  4400156IR1 , exp  30/11/2026 ;  4400373IR1 , exp  31/12/2026 ;  4400374IR1 , exp  31/12/2026 ;  4400375IR1 , exp  31/12/2026 ;  4400455IR1 , exp  31/1/2027 ;  4400456IR1 , exp  31/1/2027 ;  4400457IR1 , exp  31/1/2027 ;  4400544IR1 , exp  28/2/2027 ;  4400606IR1 , exp  28/2/2027 ;  4400607IR1 , exp  28/2/2027 ;  4400696IR1 , exp  28/2/2027 ;  4400697IR1 , exp  28/2/2027 ;  4400779IR1 , exp  28/2/2027 ;  4400780IR1 , exp  28/2/2027 ;  4400781IR1 , exp  28/2/2027 ;  4400844IR1 , exp  31/3/2027 ;  4400845IR1 , exp  31/3/2027 ;  4400849IR1 , exp  31/3/2027 ;  4400984IR1 , exp  31/3/2027 ;  4400985RIR , exp  31/3/2027 ;  4400986IR1 , exp  31/3/2027 ;  4401023IR1 , exp  31/3/2027 ;",https://api.fda.gov/drug/enforcement.json?search=event_id:98247
2026-01-14,U.S. Food and Drug Administration (FDA),United States,Dexamethasone,,,Presence of particulate matter - Glass like particles.,"Dexamethasone   Moxifloxacin, 1 mg/mL and 5 mg/mL, 1 mL Intraocular Injection, Rx only, Imprimis NJOF, LLC, Ledgewood, NJ 07852, NDC 71384-512-0.1 Lot: 25MAY051, Expires: 06/26/2026; 25AUG003, Expires:08/07/2026",https://api.fda.gov/drug/enforcement.json?search=event_id:98181
2026-01-07,U.S. Food and Drug Administration (FDA),United States,Ondansetron,,,"Defective container: Preferred Pharmaceuticals received a letter from the manufacturer Glenmark, that the blister packs are not fully sealed and tablets falling out. Preferred Pharmaceuticals purchased the finished product and repackaged the product for sale.","Ondansetron Orally Disintegrating Tablets, USP, 4mg, 30 Tablets (3 blistercards each containing 10 tablets), Rx only, Manufactured for: Glenmark Pharmaceuticals Inc., USA Mahwah, NJ 07430, Product of India, NDC 68462-157-13 Lot #: 19251311, Exp Date April 2027",https://api.fda.gov/drug/enforcement.json?search=event_id:98233
2025-12-24,U.S. Food and Drug Administration (FDA),United States,Ondansetron,Glenmark Pharmaceuticals Limited,,"Defective container: Preferred Pharmaceuticals received a letter from the manufacturer Glenmark, that the blister packs are not fully sealed and tablets falling out. Preferred Pharmaceuticals purchased the finished product and repackaged the product for sale.","Ondansetron ODT Tablets, USP 4mg,  1x10 unit dose tablets, Mfg: Glenmark Pharmaceuticals Limited, Repackaged by Preferred Pharmaceuticals NDC 68788-8666-01 Lot: J1325J, I1725P, EXP Date:  4/30/2027.",https://api.fda.gov/drug/enforcement.json?search=event_id:98141
2025-12-10,Health Canada,Canada,Yescarta,,,New safety information,New safety information. Important Safety Information on Yescarta (axicabtagene ciloleucel) and the Risk of Cerebral Edema in Primary Mediastinal B Cell Lymphoma (PMBCL),https://recalls-rappels.canada.ca/en/alert-recall/important-safety-information-yescarta-axicabtagene-ciloleucel-and-risk-cerebral-edema
2025-11-05,U.S. Food and Drug Administration (FDA),United States,Everolimus,Par Pharmaceutical Chestnut Ridge,,Failed Impurities/Degradation Specifications: Out of specification for impurity IP-C.,"Everolimus tablets 5mg, 28 tablets (each carton contains 4 blister strips with 7 tablets each), Rx only, Manufactured by: Par Pharmaceutical Chestnut Ridge, NY 10977 NDC# 49884-125-91 Lot #: 550184901, 550185001, Exp. Date MAR-26; 550189901, 550190001, Exp. Date APR-26 550203901, 550205601, Exp. Date Jul-26",https://api.fda.gov/drug/enforcement.json?search=event_id:97866
2025-10-29,U.S. Food and Drug Administration (FDA),United States,Opdualag,,,Lack of Assurance of Sterility.,"Opdualag (nivolumab and relatlimab-rmbw) injection, 240 mg and 80 mg/20 mL (12mg and 4mg/mL),Single Dose Vial, RX Only, Bristol-Myers Squibb Company, Princeton, NJ 08543, NDC 0003-7125-11 Lot: 033A23B, Expiry: 4/30/2026",https://api.fda.gov/drug/enforcement.json?search=event_id:97839
2025-10-22,U.S. Food and Drug Administration (FDA),United States,Everolimus,Par Pharmaceutical Chestnut Ridge,,Failed Impurities/Degradation Specifications: Out of specification for impurity IP-C.,"Everolimus tablets 5mg, 28 tablets (each carton contains 4 blister strips with 7 tablets each), Rx only, Manufactured by: Par Pharmaceutical Chestnut Ridge, NY 10977, NDC 49884-125-91 Lot #: 550172301, Exp. Date January 2026",https://api.fda.gov/drug/enforcement.json?search=event_id:97557
2025-10-15,National Agency for Food and Drug Administration and Control (NAFDAC),Nigeria,Darzalex,,,Alert on the Presence of an Unauthorized/ Unregistered Darzalex (Daratumumab) 1800mg/15ml vial SC Injection in Nigeria,Batch Number: PKS1F01 Expiry Date: 10-2026,https://nafdac.gov.ng/public-alert-no-031-2025-alert-on-the-presence-of-an-unauthorized-unregistered-darzalex-daratumumab-1800mg-15ml-vial-sc-injection-in-nigeria/
2025-10-15,U.S. Food and Drug Administration (FDA),United States,Bevacizumab,,,Lack of assurance of sterility.,"Bevacizumab 1.75 mg/0.07 mL - 0.25 mL syringe, Intravitreal, 0.07 mL Total Volume, Rx Only, Hospital/Office Use Only, Refrigerate, RC Outsourcing LLC, Lowellville, OH 44436. Lot #  20250708-768A26, BUD: Oct 06, 2025 20250715-944DF2 BUD: Oct 13, 2025 20250722-55C603 BUD: Oct 20, 2025 20250722-5DC113 BUD: Oct 20, 2025",https://api.fda.gov/drug/enforcement.json?search=event_id:97653
2025-10-09,Health Canada,Canada,Itovebi,,,New safety information - Labelling,New safety information - Labelling. ITOVEBI (inavolisib) and the Risk of Life-Threatening Ketoacidosis,https://recalls-rappels.canada.ca/en/alert-recall/itovebi-inavolisib-and-risk-life-threatening-ketoacidosis
2025-10-02,Health Canada,Canada,Fludarabine,,,Supply - Labelling - Packaging,"Supply - Labelling - Packaging. Importation of US-Authorized Fludarabine Phosphate Injection, USP due to the Current Shortage of Canadian-Authorized Fludarabine Phosphate Injection",https://recalls-rappels.canada.ca/en/alert-recall/importation-us-authorized-fludarabine-phosphate-injection-usp-due-current-shortage
2025-09-24,U.S. Food and Drug Administration (FDA),United States,Cyclophosphamide,,,cGMP deviations: Temperature excursion during transportation.,"Cyclophosphamide Injection 500 mg/5 mL (100 mg/mL), Hazardous Drug, Rx Only, Sterile, 5mL Multiple Dose Vial, Manufactured in Austria by Fareva Unterach GmbH for Sandoz Inc., Princeton, NJ 08540, Product of India, Vial NDC# 0781-3528-75, Carton NDC# 0781-3528-10. Only the following 6 GTN Numbers for Lot # 110459 exp. date 02/28/2027:           (01)00307813528104(21)10686040629319 (01)00307813528104(21)10687281435306 (01)00307813528104(21)10687409963168 (01)00307813528104(21)10701200331212 (01)00307813528104(21)10687325644911 (01)00307813528104(21)10687661160169",https://api.fda.gov/drug/enforcement.json?search=event_id:97549
2025-09-24,U.S. Food and Drug Administration (FDA),United States,Bevacizumab,,,Lack of Assurance of Sterility,"bevacizumab (Avastin) Injection, 1.25mg/0.05mL (0.12 mL Fill), Sterile Single-Dose Syringe, Fagron Sterile Services, 8710 E 34th St N. Wichita, KS 67226 Lot #: C274-000044756, C274-000044757, Exp 8-30-2025; C274-000044832, C274-000044833, Exp 9-4-2025; C274-000044882, C274-000044883, Exp 9-6-2025, C274-000044972, Exp 9-8-2025; C274-000045004, C274-000045005, Exp 9-18-2025 C274-000045108, exp. date 9-13-2025 C274-000045109, exp. date 9-13-2025 C274-000045136, exp. date 9-14-2025 C274-000045137, exp. date 9-14-2025 C274-000045289, exp. date 9-20-2025 C274-000045290, exp. date 9-20-2025 C274-000045350, exp. date 9-22-2025 C274-000045351, exp. date 9-22-2025 C274-000045387, exp. date 9-25-2025 C274-000045388, exp. date 9-25-2025 C274-000045516, exp. date 9-27-2025 C274-000045517, exp. date 9-27-2025 C274-000045586, exp. date 10-2-2025 C274-000045587, exp. date 10-2-2025 C274-000045676, exp. date 10-4-2025 C274-000045677, exp. date 10-4-2025 C274-000045707, exp. date 10-5-2025 C274-000045708, exp. date 10-5-2025 C274-000045754, exp. date 10-9-2025 C274-000045755, exp. date 10-9-2025 C274-000045840, exp. date 10-11-2025 C274-000045841, exp. date 10-11-2025 C274-000046048, exp. date 10-24-2025 C274-000046049, exp. date 10-24-2025 C274-000046095, exp. date 10-25-2025 C274-000046096, exp. date 10-25-2025 C274-000046122, exp. date 10-26-2025 C274-000046123, exp. date 10-26-2025 C274-000046164, exp. date 10-30-2025 C274-000046165, exp. date 10-30-2025 C274-000046191, exp. date 10-31-2025 C274-000046192, exp. date 10-31-2025 C274-000046240, exp. date 11-1-2025 C274-000046241, exp. date 11-1-2025 C274-000046315, exp. date 11-6-2025 C274-000046316, exp. date 11-6-2025 C274-000046345, exp. date 11-7-2025 C274-000046346, exp. date 11-7-2025 C274-000046515, exp. date 11-14-2025 C274-000046516, exp. date 11-14-2025 C274-000046603, exp. date 11-16-2025 C274-000046657, exp. date 11-20-2025 C274-000047136, exp. date 12-12-2025",https://api.fda.gov/drug/enforcement.json?search=event_id:97540
2025-09-10,U.S. Food and Drug Administration (FDA),United States,Kimmtrak,Immunocore Limited,,Subpotent Drug,"KIMMTRAK (tebentafusp-tebn) Injection, 100 mcg/0.5 mL, For intravenous Infusion After Dilution, Single-Does vial. Mfd by: Immunocore Limited, 92 Park Drive, Abingdon, Oxfordshire, OX14 4RY, United Kingdom, For: Immunocore Commercial LLC, 181 Washington St, Conshohocken, PA, 19428, Product of Denmark   NDC 80446-0401-01 Lot #: 3D009AA09, 3D009AA10, 3D009AA25, Exp Date: 31 MAR 2026   NDC 80446-0401-99 (Non-Commercial FG) Lot #: 3D009AA02, Exp Date 31 MAR 2026 NDC 80446-0401-01 Lot #: 3D009AA09, 3D009AA10, 3D009AA25, Exp Date: 31 MAR 2026   NDC 80446-0401-99 (Non-Commercial FG) Lot #: 3D009AA02, Exp Date 31 MAR 2026",https://api.fda.gov/drug/enforcement.json?search=event_id:97329
2025-07-30,U.S. Food and Drug Administration (FDA),United States,Prolia,Amgen Inc.,,CGMP Deviations; potential temperature excursions due to transit delays,"PROLIA (denosumab), injection, 60mg/mL, For Subcutaneous Use Only, Rx Only, Manufactured by: Amgen Inc., Thousand Oaks, CA 91320, NDC 55513-710-21 Lot: 1180924, Expiration date: 6/30/2027.",https://api.fda.gov/drug/enforcement.json?search=event_id:97110
2025-06-26,National Agency for Food and Drug Administration and Control (NAFDAC),Ghana,Herceptin,Roche Products Limited,,Counterfeit Herceptin® 600mg/5ml in Vial (Trastuzumab Solution for Injection) found in Ghana,Batch Number: A8519 Expiry Date: 12/2026,https://nafdac.gov.ng/public-alert-no-22-2025-counterfeit-herceptin-600mg-5ml-in-vial-trastuzumab-solution-for-injection-found-in-ghana/
2025-06-16,Health Canada,Canada,Kimmtrak,,,Product quality,Product quality. Kimmtrak Solution; Out of specification (in-vitro potency assay),https://recalls-rappels.canada.ca/en/alert-recall/kimmtrak-solution-out-specification-vitro-potency-assay
2025-05-02,Health Canada,Canada,Sylvant,,,Product quality,Product quality. Sylvant 400mg: Affected lot is labelled with the incorrect expiry date found on the vial and carton.,https://recalls-rappels.canada.ca/en/alert-recall/sylvant-400mg-affected-lot-labelled-incorrect-expiry-date-found-vial-and-carton
2025-03-27,Health Canada,Canada,Neupogen,,,Product quality,Product quality. Neupogen vials; Out of specification (Stability),https://recalls-rappels.canada.ca/en/alert-recall/neupogen-vials-out-specification-stability
2025-03-26,U.S. Food and Drug Administration (FDA),United States,Neupogen,,,Stability data does not support expiry: the products have the potential to be out of specification at the time of expiry of 36-months.,"Neupogen (filgrastim) For Injection, 480 mcg/1.6 mL (300 mcg/1 mL), 1.6 mL single Dose Vial, Rx Only, For Subcutaneous or Intravenous Use Only, Sterile Solution - No Preservative, Amgen Inc. Thousand Oaks, CA 91320, NDC 55513-546-01 (vial), NDC 55513-546-10 (box). Lot 1147308, 1154183, Exp.: 2/28/2025; 1156807, 1160222, Exp.: 6/30/2025; 1160223, 1163912, 1167352, Exp.: 2/28/2026; 1171365, 1175057, 1176250, Exp.: 11/30/2026.",https://api.fda.gov/drug/enforcement.json?search=event_id:96325
2025-03-19,U.S. Food and Drug Administration (FDA),India,Chlorambucil,,,CGMP Deviations,"Chlorambucil Container Description: The product packed in double self-seal cover and finally packed in Aluminum cover for shipping. Lot Numbers: HACUC0010722, exp. date Jun-2025 HACUC0010123, exp. date Dec-2025",https://api.fda.gov/drug/enforcement.json?search=event_id:96209
2025-03-12,U.S. Food and Drug Administration (FDA),United States,Nelarabine,Zydus Lifesciences Ltd,Zydus Pharmaceuticals (USA) Inc,Failed Impurities/Degradation Specifications,"Nelarabine Injection, 250mg/50mL, (5mg/mL), packaged in: a) 50 mL Single-Dose Vial, NDC 70710-1726-1;  b) 6 x 50 mL Single-Dose Vial, NDC 70710-1726-8, Rx only, Manufactured by Zydus Lifesciences Ltd, Ahmedabad, India, Distributed by: Zydus Pharmaceuticals (USA) Inc, Pennington, NJ Lot: a) P300072, P300073 Exp. Feb-2025; P300153, Exp. Jun-25; P300195, Exp. Aug-2025; P400014, P400017, Exp. Dec-2025; P400070, Exp. Feb-2026; P400112, May-2026; P400142, Exp. Jul-2026; b) P300068, Exp. Feb-2025; P300154, Exp.Jun-2025; P400015, P400018, Exp. Dec-2025; P400068, Exp. Feb-2026; P400114, Exp. May-2026; P400139, Exp.Jul-2026.",https://api.fda.gov/drug/enforcement.json?search=event_id:96291
2025-03-05,U.S. Food and Drug Administration (FDA),United States,Avastin,,,"Lack of Assurance of Sterility: due to a quality control process deviation. During an internal quality assurance review, an Acceptable Quality Limit (AQL) inspection was not conducted on a statistically sound number of samples. This may result in the inability to assure that the impacted products meet the identity, strength, quality, and purity characteristics that they are purported or represented to possess and may lead to products of unacceptable quality.","Avastin 1.25 mg/0.05 mL in 0.25 mL Syringe, For Intravitreal Injection Only, Office Use Only - Not for Resale - Single Use, This drug product was repackaged by Turbare Manufacturing, 925 Jeanette Drive, Conway, AR 72032, NDC: 83556-0101-01. Lot #s: 12122024@2 (BUD: 3/12/2025); 12192024@2 (BUD: 4/18/2025).",https://api.fda.gov/drug/enforcement.json?search=event_id:96306
2025-02-12,U.S. Food and Drug Administration (FDA),United States,Granix,UAB Teva Baltics,Teva Pharmaceuticals USA,Failed Stability Specifications - 12-month stability test result for one of the known peptides is below the specification limit,"Granix (tbo-filgrastim) Injection 300 mcg/0.5 mL, Single Dose prefilled syringe, packaged as a) 1 syringe in 1 CARTON, NDC 63459-910-11, Blister NDC 63459-910-12; (b)10 syringes in 1 CARTON, NDC 63459-910-15, Blister NDC 63459-910-12; (c) 1 syringe in 1 CARTON, NDC 63459-910-17 without safety guard and blister, Rx Only, Manufactured by: UAB Teva Baltics, Vilnius, Lithuania. Distributed by Teva Pharmaceuticals USA, Inc. North Wales PA 19454. Product of Israel. Lot #  (a) 135738, (b) 137149, (c) 137148, Exp. date 09/30/2025",https://api.fda.gov/drug/enforcement.json?search=event_id:96115
2024-12-23,National Agency for Food and Drug Administration and Control (NAFDAC),Nigeria,Phesgo,"Roche S, P.A",,"Alert on Confirmed Counterfeit PHESGO 600mg600mg/10ml With Batch Number C5290S20 Stated to be Manufactured by Roche S,P,A.", Expiry Date: 01/2026,https://nafdac.gov.ng/public-alert-no-051-2024-alert-on-confirmed-counterfeit-phesgo-600mg600mg-10ml-with-batch-number-c5290s20-stated-to-be-manufactured-by-roche-spa/
2024-12-23,National Agency for Food and Drug Administration and Control (NAFDAC),Nigeria,Avastin,"Roche Diagnostic GmbH, Mannheim, Germany",,"Alert of Confirmed Cases of Two Counterfeit Batches of Avastin 400mg/16ml, Manufactured By Roche Diagnostics Public Gmbh, Mannheim, Germany","Batch Number: H0223B08, H4239A70 Expiry Date: 07/ 2026, 10/2026",https://nafdac.gov.ng/public-alert-no-052-2024-alert-of-confirmed-cases-of-two-counterfeit-batches-of-avastin-400mg-16ml-manufactured-by-roche-diagnostics-public-gmbh-mannheim-germany/
2024-12-11,U.S. Food and Drug Administration (FDA),United States,Sunitinib,,,Labeling: Label Mix-Up,"Sunitinib Malate Capsules, 25 mg, 28-count bottles, Rx Only, Manufactured for: AvKARE, Pulaski, TN 38478.  NDC 42291-902-28 Lot #: 100049501, Exp. Date 07/31/2026",https://api.fda.gov/drug/enforcement.json?search=event_id:95596
2024-11-27,U.S. Food and Drug Administration (FDA),United States,Bevacizumab,,,Lack of Sterility Assurance,"BEVACIZUMAB (AVASTIN)1.25mg/0.05mL, Sterile Injection, 0.5 mL Single-Dose Syringe, Rx Only, Repackaged by: Medivant Healthcare: 24416 N 19th Ave, Phoenix, AZ, NDC 81483-0041-1 Lot #: D24005, Exp. Date 20 February 2025; D24006, Exp. Date 21 February 2025; D24007, Exp. Date 22 February 2025; D24008, Exp. Date 19 March 2025; D24009, Exp. Date 20 March 2025; D24012, Exp. Date 25 April 2025.",https://api.fda.gov/drug/enforcement.json?search=event_id:95718
2024-10-23,U.S. Food and Drug Administration (FDA),United States,Cisplatin,Intas Pharmaceuticals Limited,,Failed Impurities/Degradation Specifications.,"Cisplatin Injection, 100mg/100mL (1mg/mL), For Intravenous Use, 100 mL Multiple Dose Vial, Rx Only, Manufactured for: Accord Healthcare Inc., Durham, NC 27703. Manufactured by: Intas Pharmaceuticals Limited, Pharmez, Ahmedabad 382 213, India. Mfg. Lic. No.: G/28/1336, NDC 16729-288-38 Lot #: P2202009, Exp. Date: 03/2025",https://api.fda.gov/drug/enforcement.json?search=event_id:95455
2024-10-09,U.S. Food and Drug Administration (FDA),United States,Pluvicto,,,CGMP deviations,"Pluvicto, 1000 MBq/mL (27 mCi/mL), lutetium, LU 177, vipivotide tetraxetan injection, Single-dose vial, Sterile, Manufacturer Advanced Accelerator Applications,  57 E. Willow Street, NJ 07041, Millburn USA. NDC 69488-0010-61 Lot#: LPS240919B-16, 24-Sep-2024 Lot#: LPS240920B-16, 25-Sep-2024  Lot#: LPS240920C-16, 25-Sep-2024",https://api.fda.gov/drug/enforcement.json?search=event_id:95420
2024-08-14,U.S. Food and Drug Administration (FDA),United States,Methotrexate,,Amneal Pharmaceuticals LLC,Presence of Foreign Tablets: Potential presence of Fludrocortisone Acetate Tablet USP 0.1 mg within the Methotrexate 2.5 mg 100-count Bottle.,"Methotrexate Tablets, USP, 2.5mg, 100-count Bottle, RX Only, Distributed By: Amneal Pharmaceuticals LLC, Bridgewater, NJ 08807, NDC# 69238-1423-1 Lot # BB29124, Exp. 02/28/2026",https://api.fda.gov/drug/enforcement.json?search=event_id:95082
2024-08-06,National Agency for Food and Drug Administration and Control (NAFDAC),Nigeria,Avastin,Roche,,Alert on Confirmed Counterfeit of Avastin in Nigeria,Batch Number: H0223B08 Expiry Date: 07/2026,https://nafdac.gov.ng/public-alert-no-030-2024-alert-on-confirmed-counterfeit-of-avastin-in-nigeria/
2024-08-06,National Agency for Food and Drug Administration and Control (NAFDAC),Nigeria,Herceptin,Roche,,Alert on Confirmed Counterfeit of Herceptin in Nigeria,Batch Number: B3207B41 Expiry Date: 03/2025,https://nafdac.gov.ng/public-alert-no-027-2024-alert-on-confirmed-counterfeit-of-herceptin-in-nigeria/
2024-08-06,National Agency for Food and Drug Administration and Control (NAFDAC),Nigeria,Perjeta,Roche,,Alert on Confirmed Counterfeits of Perjeta in Nigeria,Batch Number: K0593B12 Expiry Date: 05/2025,https://nafdac.gov.ng/public-alert-no-028-2024-alert-on-confirmed-counterfeits-of-perjeta-in-nigeria/
2024-08-06,National Agency for Food and Drug Administration and Control (NAFDAC),Nigeria,Tecentriq,Roche,,Alert on Confirmed Counterfeit of Tecentriq Injection in Nigeria,Batch Number: B0033B03 Expiry Date: 02/09/25,https://nafdac.gov.ng/public-alert-no-029-2024-alert-on-confirmed-counterfeit-of-tecentriq-injection-in-nigeria/
2024-07-18,National Agency for Food and Drug Administration and Control (NAFDAC),Nigeria,Phesgo,Roche,,Alert on the Sale of Counterfeit PHESGO 600mg/10ml Injection in Nigeria,Batch Number: C3809C51 Expiry Date: 01/2027,https://nafdac.gov.ng/public-alert-no-025-2024-alert-on-the-sale-of-counterfeit-phesgo-600mg-10ml-injection-in-nigeria/
2024-07-10,U.S. Food and Drug Administration (FDA),United States,Decitabine,Sun Pharmaceutical Ind. Ltd.,Sun Pharmaceutical Industries,CGMP Deviations: Out of Specification for Total Aerobic Microbial Count (TAMC) test for unfiltered bulk for decitabine for injection.,"Decitabine for Injection 50mg per vial, For intravenous infusion only Cytotoxic Agent, Sterile, Rx Only, Single-Dose Vial, Distributed by: Sun Pharmaceutical Industries, Inc., Cranbury, NJ 08512, Manufactured by: Sun Pharmaceutical Ind. Ltd., Halol-Baroda Highway, Halol-389 350, Gujarat, India, NDC 47335-361-40. HAD2964A, Exp 7/31/2024",https://api.fda.gov/drug/enforcement.json?search=event_id:94913
2024-06-26,U.S. Food and Drug Administration (FDA),United States,Dexamethasone,,AuroMedics Pharma LLC,Failed Impurities/Degradation Specifications: impurity sulfonic acid adduct of dexamethasone phosphate results were above spec.,"Dexamethasone Sodium Phosphate injection USP, 120mg per 30mL (4mg/mL), 30 mL Multiple-Dose Vial, Rx only, Distributed by: AuroMedics Pharma LLC, 279 Princeton-Hightstown Rd. E. Windsor, NJ 08520, Made in India, NDC 55150-239-30 Lot#: 3DS23001, 3DS23004, Exp 6/30/2024; 3DS23009, 3DS23011, Exp 7/31/2024",https://api.fda.gov/drug/enforcement.json?search=event_id:94685
2024-06-19,U.S. Food and Drug Administration (FDA),United States,Docetaxel,. for Sagent Pharmaceuticals,,Presence of Particulate Matter: Presence of particulate matter from the stopper in the drug product.,"Docetaxel Injection, USP, 80 mg per 8 mL (10 mg per mL), 1 x 8 mL Multi-Dose Vial, Rx only, Mfd. for Sagent Pharmaceuticals, Schaumburg, IL 60195 (USA), Made in India. NDC 25021-254-08 Lot #: F1040001, Exp. Date 12/31/2024",https://api.fda.gov/drug/enforcement.json?search=event_id:94707
2024-06-05,U.S. Food and Drug Administration (FDA),United States,Zoledronic,,Dr. Reddy's Laboratories Inc.,Lack of Assurance of Sterility: Leaking vials,"Zoledronic Acid Injection 5mg/100mL Sterile Solution, 100mL Single-Dose vials, Rx only, Distributor: Dr. Reddy's Laboratories Inc., Princeton, NJ 08540, Made in India, NDC 55111-688-52 Lot #: G3000010, Exp. Date 11/2025",https://api.fda.gov/drug/enforcement.json?search=event_id:94686
2024-05-29,U.S. Food and Drug Administration (FDA),United States,Sirolimus,,Dr. Reddy's Laboratories Inc.,Failed Impurities/Degradation Specifications,"Sirolimus Tablets 1mg Tablets 100-count bottle, Rx Only, Distributed by: Dr. Reddy's Laboratories Inc., Princeton, NJ 08540, Made in India, NDC 55111-653-01 Lot H2200493; Exp 6/30/2025",https://api.fda.gov/drug/enforcement.json?search=event_id:94535
2024-04-10,U.S. Food and Drug Administration (FDA),United States,Cyclophosphamide,,,"Labeling: Incorrect or missing Package Insert: There is an error on the Package Insert (PI), section 2.3, Preparation, Handling, and Administration. The concentration of the reconstituted product is listed as '20 mg per vial.' This information should read: '20 mg per mL'.","Cyclophosphamide for Injection, USP, 500mg/vial, Lyophilized, Cytotoxic Agent, Single Dose Vial for Intravenous Use, Rx Only, Manufactured for: XGen Pharmaceuticals DJB, Inc. Big Flats, NY 14814, NDC # 39822-0250-01. Lot #: CIC1-23001 A, Exp. 08/30/2026",https://api.fda.gov/drug/enforcement.json?search=event_id:94348
2024-03-13,U.S. Food and Drug Administration (FDA),United States,Mercaptopurine,,,Failed Dissolution Specifications: results slightly under spec at at 9-months.,"Mercaptopurine Tablets, USP 50 mg, packaged in: a) 25-count bottle (NDC 69076-913-02), b) 250-count bottle (NDC 69076-913-25), Rx only, Manufactured for: Quinn Pharmaceuticals, Boca Raton, FL, www.quinnrx.com Lot #: a)22K012, 22K013A, Exp: 04/30/2024; 23A001, 23A002A, Exp: 07/31/2024; 23D006, 23D007A, 23D007C, Exp:10/31/2024; b)22K013B, Exp: 04/30/2024; 23A002B, Exp:07/31/2024; 23D007B, Exp: 10/31/2024.",https://api.fda.gov/drug/enforcement.json?search=event_id:93960
2024-01-31,U.S. Food and Drug Administration (FDA),United States,Bleomycin,,Hospira,Presence of particulate matter: glass,"Bleomycin for Injection, USP, 15 units per vial, 1 single dose glass fliptop vial, Rx Only, Distributed by: Hospira, Inc., Lake Forest, IL 68045, NDC 61703-332-18 Lot #: BL12206A, Exp date 06/30/2024",https://api.fda.gov/drug/enforcement.json?search=event_id:93693
2024-01-03,U.S. Food and Drug Administration (FDA),United States,Prednisone,Jubilant Cadista Pharmaceuticals Inc.,,CGMP Deviations: Products were exposed to temperatures outside of the products labeled storage conditions.,"PredniSONE Tablets, USP, 20 mg, 100 Tablets per bottle, Rx Only, Manufactured by: Jubilant Cadista Pharmaceuticals Inc., Salisbury, MD 21801.  NDC: 59746-175-06 Batch 21P0659",https://api.fda.gov/drug/enforcement.json?search=event_id:89450
2024-01-03,U.S. Food and Drug Administration (FDA),United States,Propranolol,Amneal Pharmaceuticals Pvt. Ltd.,Amneal Pharmaceuticals LLC,CGMP Deviations: Products were exposed to temperatures outside of the products labeled storage conditions.,"Propranolol Hydrochloride Tablets, 20 mg, 100 Tablets per bottle, Rx only, Manufactured by: Amneal Pharmaceuticals Pvt. Ltd., Ahmedabad 382213, India; Distributed by: Amneal Pharmaceuticals LLC, Bridgewater, NJ 08807.  NDC:  69238-2078-1 Batch 100023596",https://api.fda.gov/drug/enforcement.json?search=event_id:89450
2023-12-21,Health Canada,Canada,Bleomycin,,,Product quality,Product quality. Bleomycin for Injection USP: Glass Particulate,https://recalls-rappels.canada.ca/en/alert-recall/bleomycin-injection-usp-glass-particulate
2023-12-20,U.S. Food and Drug Administration (FDA),Spain,Votrient,Siegried Barbera,Novartis Pharmaceuticals Corp.,Failed Dissolution Specifications,"Votrient (pazopanib) 200 mg tablets, 120-count bottle, Rx Only, Manufactured by: Siegried Barbera, S.L., Barbera del Valles, Spain, Distributed by: Novartis Pharmaceuticals Corp., East Hanover, N.J. 07936, NDC 0078-1077-66 Lot# ME2713; Exp. 02/2025 Lot # MF8286, ML1860; Exp. 04/2025",https://api.fda.gov/drug/enforcement.json?search=event_id:93429
2023-12-13,U.S. Food and Drug Administration (FDA),United States,Ondansetron,Baxter Pharmaceuticals India Private Ltd,,Failed pH Specifications,"Ondansetron Injection, USP, 4 mg/2 mL (2 mg/mL), 2 mL per vial, Rx only, Manufactured for: Baxter Healthcare Corporation, Deerfield, IL 60015 USA.  Manufactured by: Baxter Pharmaceuticals India Private Ltd, Ahmedabad 382213, India. NDC 36000-012-25 Lot # A0E0959A, A0E0961A, A0E1015A, A0E1020A, Exp. Date 30-Nov-23; A0F0016A, Exp. Date 31-Dec-23; A0F0260A, A0F0261A, A0F0262A, Exp. Date 29-Feb-24; A0F0414A, A0F0415A, A0F0416A, A0F0417A, A0F0418A, Exp. Date 30-Apr-24; A0F0503A, Exp. Date 31-May-24,  A0F0533A, A0F0534A, A0F0535A, A0F0536A, A0F0537A, A0F0540A, A0F0541A, Exp. Date 30-Jun-24; A0F0573A, A0F0574A, A0F0575A, A0F0592A, Exp. Date 31-Jul-24; A0F0596A, A0F0599A, Exp. Date 31-Aug-24 ; A0F0676A, 31-Oct-24.",https://api.fda.gov/drug/enforcement.json?search=event_id:93359
2023-12-06,U.S. Food and Drug Administration (FDA),United States,Vitrakvi,,,Microbial Contamination of Non-Sterile Products: microbial contamination identified as Penicillium brevicompactum observed during routine ongoing stability testing,"VITRAKVI (larotractenib) oral solution, 20mg/mL, 100 mL bottle, Rx only, Manufactured for Bayer HealthCare Pharmaceuticals Inc., Whippany, NJ 07981. NDC 50419-392-01 Lot# 2114228, EXP. 02/29/2024",https://api.fda.gov/drug/enforcement.json?search=event_id:93391
2023-11-16,Health Canada,Canada,Votrient,,,Product quality,Product quality. Votrient: The dissolution is out of specification in the affected lot,https://recalls-rappels.canada.ca/en/alert-recall/votrient-dissolution-out-specification-affected-lot
2023-11-08,Health Canada,Canada,Vitrakvi,,,Contamination,Contamination. Vitrakvi: Presence of contamination in affected lot,https://recalls-rappels.canada.ca/en/alert-recall/vitrakvi-presence-contamination-affected-lot
2023-11-01,U.S. Food and Drug Administration (FDA),United States,Methotrexate,,West-Ward Pharmaceuticals Corp.,Failed Tablet/Capsule Specifications: Tablets were observed to have an unsmooth surface with two tablets demonstrating illegible tablet identification and scoring.,"Methotrexate Tablets, USP, 2.5 mg, 10x10 Unit-Dose Tablets per carton, Rx only, Distributed by: West-Ward Pharmaceuticals Corp., Eatontown, NJ 07724.  NDC: 0054-8550-25 Lot, expiry:  Lot AB7486B, exp Dec 2023; Lot AB8766B, exp April 2024; Lot AB9484B, exp Aug 2024",https://api.fda.gov/drug/enforcement.json?search=event_id:93223
2023-10-25,U.S. Food and Drug Administration (FDA),United States,Bevacizumab,,,Lack of Assurance of Sterility,"Bevacizumab 1.25 MG/0.05 ML Solution for Injection, 1 mL syringes, Rx only, Compounded by Pine Pharmaceuticals 355 Riverwalk Parkway, Tonawanda, NY 14150. Lot #: 68622, 68620 Exp. Date 10/3/2023; 68632 Exp. Date 10/4/2023; 68699, 68704, 68706 Exp. Date 10/6/2023; 68726, 68740 Exp. Date 10/7/2023; 68784 Exp. Date 10/11/2023; 68843, 68861, Exp. Date 10/13/2023; 68789,68822 Exp. Date 10/12/2023; 68914 Exp. Date 10/17/2023; 68952, 68954, 68980 Exp. Date 10/18/2023; 69105 Exp. Date 10/25/2023; 69731 Exp. Date 11/7/2023; 69991 Exp. Date 11/15/2023;70142 Exp. Date 11/22/2023; 70233 Exp. Date 11/28/2023; 70297, 70264, 70291, 70300 Exp. Date 11/30/2023; 70355 Exp. Date 12/5/2023; 70516, 70513 Exp. Date 12/12/2023;;70659, 70664 Exp. Date 12/19/2023; 70700 Exp. Date 12/20/2023; 68912, Exp. Date 10/17/2023; 69071, Exp. Date 10/24/2023; 69725, Exp. Date 10/31/2023; 69749, Exp. Date 11/1/2023; 69961, Exp. Date 11/14/2023; 70112, Exp. Date 11/21/2023; 70228, Exp. Date 11/28/2023; 70353, Exp. Date 12/5/2023; 70403, Exp. Date 12/9/2023; 70513, Exp. Date 2/12/2023; 70569, 70570, 70579, 70571, 70572,70573, 70585, 70503 Exp. Date 12/14/2023; 70692, Exp. Date 12/20/2023; 68912, Exp. Date 10/17/2023; 69071, Exp. Date 10/24/2023; 69725, Exp. Date 10/31/2023; 69749, Exp. Date 1/7/2023; 69961, Exp. Date 11/14/2023; 70112, Exp. Date 11/21/2023; 70228, Exp. Date 11/28/2023; 70353, Exp. Date 12/5/2023; 70 692, Exp. Date 12/20/2023, 67538, Exp. Date 10/11/2023; 68535, Exp. Date 10/4/2023; 68611, 68613 Exp. Date 10/3/2023; 68612, 68633, 68637 Exp. Date 10/4/2023; 68638, 68673, 68674,68675, Exp. Date 10/5/2023; 68634, 68699, 68700, 68701, 68702, 68709 Exp. Date 10/6/2023; 68703, 68708, 68728, 68729, 68736, 68737, 68738, 68739, Exp. Date 10/7/2023; 68647, 68757, 68758, 68759, Exp. Date 10/10/2023; 68784, 68785, 68786, 68787, 68788, Exp. Date 10/11/2023; 68821,  68823, 68824, Exp. Date 10/12/2023; 68896, 68897, 68843, 68844, 68850, 68851, 68852, 10/13/2023; 68853 68877, 68878, 68879, 68880, 68886, 68890, 68891 Exp. Date 10/14/2023; 68913, 68915, 68923, Exp. Date 10/17/2023; 68922, 68953,68976, 68980, Exp. Date 10/18/2023; 68977, 68978,68979, 68981, Exp. Date 10/19/2023; 68959,68982, 69016, 69017, 69019, 69012 Exp. Date 10/20/2023; 69018, 69047, 69048, 69049, 69050, 69051, 69052, 69056, 68983, 69042, Exp. Date 10/21/2023; 69072, 69073, 69074, 69075, Exp. Date 10/24/2023; 69102, 69103, 69104, 69105, 69109, Exp. Date 10/25/2023; 69129, 69127, 69077 Exp. Date 10/26/2023; 69142, 69128, Exp. Date 10/27/2023; 69130, 69101, 69131, 69132, 69143, 69144, 69166, 69167, 69168, 69169, 69170, 69171, Exp. Date 10/28/2023; 69726, 69727, Exp. Date 10/31/2023;69746, 69748, 69750, Exp. Date 11/2/2023; 69754, 69755, 69768, 69770, Exp. Date 11/3/2023; 69779, 69751, 69745, 69780, 69781, 69782, 69783, 69784, 69793, Exp. Date 11/4/2023; 69794, 6974, ; 69841, Exp. Date 11/8/2023; 69865, 69866, 69863, 69867, 69796, 69872 Exp. Date 11/9/2023; 69890, 69892,69893, 69894, 69895, 69896, 69897, Exp. Date 11/10/2023; 69928, 69929, 69930,69931,69932, 69933, 69928, 69950, Exp. Date 11/11/2023; 69964, 69868, Exp. Date 11/14/2023; 69965, 69987, 69988, 69990, Exp. Date 11/15/2023; 70031, 70032, 70033, 69963, 70034, Exp. Date 11/16/2023; 70066,70067, Exp. Date 11/17/2023; 69998,70011,69962, 70094, 70095, 69864, 70093 Exp. Date 11/18/2023; 70035, 70113, 70114, 70115, Exp. Date 11/21/2023; 70116, 70138, 70139, 70140, 70147, Exp. Date 11/22/2023; 70163, 70164, 70165, 70166, 70167, 70168, Exp. Date 11/23/2023; 70191, 70193,70194, 70195, 70196, 70197, 70198, 70204, Exp. Date 11/24/2023; 70208, 70211, 70212, 70213, 70214, 70220, 70218, Exp. Date 11/25/2023; 70229, 70231, 70232, 70234, Exp. Date 11/28/2023; 70254, 70255, 70256, 70257, 70261, 70262, 70263, 70277, 70258, 70275 Exp. Date 11/29/2023; 70265, 70314, 70315, 70259,70299 Exp. Date 12/1/2023; 70325, 70326, 70333,70338, 70341 Exp. Date 12/2/2023; 70358, Exp. Date 12/5/2023; 70397, 70398, 70399, 70399, 70409, 70410, 70406, 70404 Exp. Date 12/6/2023; 70324, 70339, 70445, 70450, Exp. Date 12/7/2023; 70462, 70463, 70465, 70466, 70467, Exp. Date 12/8/2023; 70494, 70495, 70497, 70493, 70497, 70501, 70422 Exp. Date 12/9/2023; 70523, 70419, 70514, Exp. Date 12/12/2023;70544, 70549, 70552, 70553, Exp. Date 12/13/2023; 70605,70606, 70340, 70608,70609, 70613, 70619 Exp. Date 12/15/2023; 70635, 70636, Exp. Date 12/16/2023; 70660, 70661, 70662, 70663, 12/19/2023; 70672, 70693, 70694,70695,70696, 70702, Exp. Date 12/20/2023;  70726, 70727, 70728, 70729, 70730, 70744, 70731, Exp. Date 12/21/2023; 70759, 70760, 70762, 70763, Exp. Date 12/22/2023; 70786,70791, 70788, 70789 Exp. Date 12/23/2023; 70835, 70787, 70790, Exp. Date 12/26/2023; 70852, 70853, 70860, 70833 Exp. Date 12/27/2023; 70868, 70869, 70870, 70871, 70874, Exp. Date 12/28/2023; 70832, 70851, Exp. Date 1/4/2024.",https://api.fda.gov/drug/enforcement.json?search=event_id:93154
2023-10-25,U.S. Food and Drug Administration (FDA),United States,Doxil,,,CGMP Deviations: Product was exposed to temperatures exceeding the labeled storage conditions during transportation were released by mistake.,"Doxil (doxorubicin hydrochloride liposome injection) 50 mg in 25 mL (2 mg/mL), Single-Dose Vial, Rx only, Manufactured for: Baxter Healthcare Corporation, Deerfield, IL 60015.  NDC 0338-0067-01 Lot# MKZSU02, Exp 6/30/2024",https://api.fda.gov/drug/enforcement.json?search=event_id:93201
2023-10-04,U.S. Food and Drug Administration (FDA),United States,Eligard,Tolmar Inc.,,Superpotent Drug - Higher than expected levels of leuprolide acetate in the constituted product.,"Eligard (leuprolide acetate) for injectable suspension, 7.5 mg every month, Sterile, Rx Only, Must be reconstituted before use, NDC 62935-753-75, Manufactured by: Tolmar Inc., Fort Collins, CO 80526, For Tolmar Therapeutics Inc., Fort Collins, CO 80526. Lot: 13635A1, Exp. 07/31/2024",https://api.fda.gov/drug/enforcement.json?search=event_id:93044
2023-09-12,Health Canada,Canada,Eligard,,,Product quality,Product quality. ELIGARD 7.5mg: may not be filled with correct amount of leuprolide acetate.,https://recalls-rappels.canada.ca/en/alert-recall/eligard-75mg-may-not-be-filled-correct-amount-leuprolide-acetate
2023-08-30,U.S. Food and Drug Administration (FDA),United States,Bendamustine,,,Labeling: Missing Label; customer complaint received that labels were partially or completely peeled off injection vial.,"Bendamustine HCl Injection, 100mg/4mL (25mg/mL), One 4 mL Multiple-Dose Vial, Rx only, Manufactured for Baxter Healthcare Corporation, Deerfield, IL 60015, NDC 10019-079-01. Lots: 3A004A, 3A004B, Exp 12/31/2024; 3B005A, Exp 1/31/2025",https://api.fda.gov/drug/enforcement.json?search=event_id:92887
2023-08-23,U.S. Food and Drug Administration (FDA),United States,Pluvicto,,,Labeling: Incorrect or Missing Lot and/or Exp Date: vials were labeled with the incorrect lot number and expiration date,"PLUVICTO 1,000MBq/mL (27 mCi/mL), lutetium Lu 177 vipivotide tetraxetan injection,  9.2 mL Single-dose vial, Manufacturer: Advanced Accelerator Appllications USA, Inc., 57 E. Willow Street NJ 07041, Milburn, USA, NDC 69488-010-61 Lot # LPS230729B-16, Exp 8/3/2023 at 10:00am, LPS230804B-16, Exp 8/9/2023 at 10:00am.",https://api.fda.gov/drug/enforcement.json?search=event_id:92845
2023-07-19,U.S. Food and Drug Administration (FDA),United States,Sunitinib,Teva Pharmaceuticals USA,,Failed Moisture Limits: Water (moisture) content above the approved product specifications.,"Sunitinib Malate Capsules, 12.5 mg, 28-count bottles, Rx only, Manufactured By: Teva Pharmaceuticals USA, Inc., Parsippany, NJ  07054, NDC 0093-8199-28 Lot # 100037220, Exp 10/2024",https://api.fda.gov/drug/enforcement.json?search=event_id:92636
2023-06-08,Health Canada,Canada,Idhifa,,,New safety information - Product withdrawal,New safety information - Product withdrawal. IDHIFA (enasidenib mesylate) – Market Withdrawal and Continued Access,https://recalls-rappels.canada.ca/en/alert-recall/idhifa-enasidenib-mesylate-market-withdrawal-and-continued-access
2023-06-07,U.S. Food and Drug Administration (FDA),United States,Megestrol,,Akorn Operating Company,CGMP Deviations: Firm went out of business and could no longer continue stability studies.,"Megestrol Acetate Oral Suspension, USP 40 mg/mL, 240 mL bottles, Rx Only, Distributed by: Akorn Operating Company, LLC., Gurnee, IL 60031.  ALL NDCs All Lots",https://api.fda.gov/drug/enforcement.json?search=event_id:91788
2023-06-07,U.S. Food and Drug Administration (FDA),United States,Granisetron,Akorn,,CGMP Deviations: Firm went out of business and could no longer continue stability studies.,"Granisetron HCl Injection, USP, 1 mg/mL, packaged in a) 1mL and b) 4 mL vials, Rx Only, For Intravenous Use Only, Manufactured by: Akorn, Inc., Lake Forest, IL 60045.  ALL NDCs All Lots",https://api.fda.gov/drug/enforcement.json?search=event_id:91788
2023-04-19,U.S. Food and Drug Administration (FDA),United States,Bevacizumab,,,Labeling: Incorrect or Missing Lot and/or Exp Date: Lot code on primary packaging is incorrect.,"Bevacizumab 2.5 mg/0.1 mL, Solution for Injection in 1mL, silicone free slip tip syringe, each Syringe supplied in individually labeled poly envelopes (primary packaging).  Repackaged by Pine Pharmaceuticals, Pine Pharmaceuticals 355 Riverwalk Parkway, Tonawanda, NY 14150,  Office Use Only, Not for Resale. Secondary packaging consists of a coated cardboard box, with order-specific label indicating lot number housed within order/container. NDC # 69194-0458-1 Lot # 66377, Exp. Date: 06/28/2023. Syringe may be labeled incorrectly as lot# 66316",https://api.fda.gov/drug/enforcement.json?search=event_id:91972
2023-04-19,U.S. Food and Drug Administration (FDA),United States,Mektovi,,Array BioPharma Inc.,Labeling: Incorrect or Missing Lot and/or Exp Date:  The carton and bottle labels state an expiry date of March 2026; the correct expiration date is February 2025.,"MEKTOVI (binimetinib) tablets, 15 mg, 180-count bottle, Rx only, Distributed by: Array BioPharma Inc., a wholly owned subsidiary of Pfizer Inc., Boulder, CO 80301.  NDC:  70255-010-02 Lot W054586A, EXP 03/2026",https://api.fda.gov/drug/enforcement.json?search=event_id:91872
2023-04-02,National Agency for Food and Drug Administration and Control (NAFDAC),Nigeria,Herceptin,Roche,,Alert on Confirmed Counterfeit Herceptin 600mg/5ml Injection,Batch Number: B1106B11 Expiry Date: 12/2024,https://nafdac.gov.ng/public-alert-no-011-2023-alert-on-confirmed-counterfeit-herceptin-600mg-5ml-injection/
2023-03-20,Health Canada,Canada,Istodax,,,New safety information - Product withdrawal,New safety information - Product withdrawal. ISTODAX (romidepsin) –  Restricted Access Program,https://recalls-rappels.canada.ca/en/alert-recall/istodax-romidepsin-restricted-access-program
2023-02-22,U.S. Food and Drug Administration (FDA),United States,Ondansetron,,,Lack of sterility assurance,"ONDANSETRON 8MG IN NS 100ML, antimetic, Rx Only, Sentara Home Infusion Pharmacy Services, 535 Independence Pkwy, Ste 300, Chesapeake, VA 23320 Beyond Use Date: December 29-30, 2022",https://api.fda.gov/drug/enforcement.json?search=event_id:91466
2023-02-16,Health Canada,Canada,Zejula,,,New safety information,"New safety information. ZEJULA (niraparib) - Update on the Maintenance Treatment in Recurrent Ovarian, Fallopian Tube, or Primary Peritoneal Cancer in the Second or Later Line Setting",https://recalls-rappels.canada.ca/en/alert-recall/zejula-niraparib-update-maintenance-treatment-recurrent-ovarian-fallopian-tube-or
2023-02-01,U.S. Food and Drug Administration (FDA),United States,Dexamethasone,,,Lack of Assurance of Sterility: FDA inspection revealed insanitary conditions at the facility.,"DEXAMETHASONE 16MG/ML (3ML VIAL) INJECTABLE; DEXAMETHASONE 24MG/ML INJECTABLE; DEXAMETHASONE-PF- 0.1% (1ML DROPPER) OPH SOLUTION, Rx Only, Pharmacy Innovations, 2936 W 17th St., Erie, PA. t20221116@36 t20221117@11 t20221108@87",https://api.fda.gov/drug/enforcement.json?search=event_id:91332
2023-02-01,U.S. Food and Drug Administration (FDA),United States,Methotrexate,,,Lack of Assurance of Sterility: FDA inspection revealed insanitary conditions at the facility.,"METHOTREXATE INTRAVITREAL (1ML VIAL) 4MG/ML (400MCG/0.1ML) INJECTABLE, Rx Only, Pharmacy Innovations, 2936 W 17th St., Erie, PA. t20221011@36",https://api.fda.gov/drug/enforcement.json?search=event_id:91332
2023-02-01,U.S. Food and Drug Administration (FDA),United States,Mitomycin,,,Lack of Assurance of Sterility: FDA inspection revealed insanitary conditions at the facility.,"MITOMYCIN 0.2MG/ML (1ML DROPTAINER) OPH SOLUTION; MITOMYCIN 0.2MG/ML (1ML VIAL) OPH SOLUTION, Rx Only, Pharmacy Innovations, 2936 W 17th St., Erie, PA. t20221004@8 t20221011@36",https://api.fda.gov/drug/enforcement.json?search=event_id:91332
2023-01-18,U.S. Food and Drug Administration (FDA),United States,Mitomycin,,,Lack of Assurance of Sterility,"Mitomycin Injection Solution, 4mg/ml, packaged in a 10 mL Multiple-Dose vial, Rx Only, Compounded by: Akina Pharmacy, 23475 Rock Haven Way Suite 105, Sterling, VA  20166. Lot#: 12062022@7, Exp 1/20/2023; 12072022@32, Exp 1/22/2023",https://api.fda.gov/drug/enforcement.json?search=event_id:91443
2022-11-23,U.S. Food and Drug Administration (FDA),United States,Fyarro,,,Failed Stability Specifications,"Fyarro (sirolimus protein-bound particles for injectable suspension (albumin-bound), 100 mg per vial, NDC 80803-153-50, manufactured for Aadi Bioscience, Inc, CA. Lot# 6025701, Expiration Date: 31MAR2023, 100mg/vial, 50 ml single use vial, NDC 80803-153-50.",https://api.fda.gov/drug/enforcement.json?search=event_id:91019
2022-11-09,U.S. Food and Drug Administration (FDA),United States,Mitomycin,,,Lack of Assurance of Sterility: FDA inspection found the recalled products were produced in a manner than cannot guarantee the sterility of the products purported to be sterile.,"MITOMYCIN INJECTION 0.375 mg/mL SYR, 0.375 mg/mL solution, 1 mL syringe, Rx only, Vital Care Compounder, 115 S. 40th Ave., Hattiesburg, MS  39402 Lots: 60618, BUD: 5/6/2023; 66536, BUD: 7/8/2023",https://api.fda.gov/drug/enforcement.json?search=event_id:90982
2022-08-29,Health Canada,Canada,Imbruvica,,,New safety information - Product safety,New safety information - Product safety. IMBRUVICA (ibrutinib) - Risk of Serious and Fatal Cardiac Arrhythmias or Cardiac Failure,https://recalls-rappels.canada.ca/en/alert-recall/imbruvica-ibrutinib-risk-serious-and-fatal-cardiac-arrhythmias-or-cardiac-failure
2022-08-24,U.S. Food and Drug Administration (FDA),United States,Fulvestrant,Cadila Healthcare Limited,Zydus Pharmaceuticals (USA ) Inc.m Pennington,Failed Impurities/Degradation Specifications,"Fulvestrant Injection 250mg/5mL (50 mg/mL), Contains 2 Single-Dose Prefilled Syringes, Rx Only, Product of India, Manufactured by: Cadila Healthcare Limited, Ahmadabad, India, Distributed by: Zydus Pharmaceuticals (USA ) Inc.m Pennington, NJ 08534, NDC 70710-1688-8. Lot # B200076; Exp 31 JAN 2024",https://api.fda.gov/drug/enforcement.json?search=event_id:90618
2022-08-24,U.S. Food and Drug Administration (FDA),United States,Azacitidine,Intas Pharmaceuticals Limited,,Subpotent Drug,"Azacitidine for Injection, 100 mg Lyophilized Powder, Single-Dose Vials, Rx Only, Manufactured by:  Intas Pharmaceuticals Limited, Pharmez, Ahmedabad-382 213 India.  Manufactured for BluePoint Laboratories.  NDC 68001-0313-56 Lot #: FE22001A, Exp. Date 01/2024",https://api.fda.gov/drug/enforcement.json?search=event_id:90677
2022-08-17,U.S. Food and Drug Administration (FDA),United States,Azacitidine,. in Romania By: Sindan Pharma SRL For BluePoint Laboratories,,Subpotent Drug - Out of specification (OOS) result obtained during monitoring stability study for Assay. Results below specification.,"Azacitidine for Injection 100mg/vial Lyophilized Powder, Rx Only, Mfd. in Romania By: Sindan Pharma SRL For BluePoint Laboratories, NDC 68001-313-56 Lot: FE22001A, Exp 01/2024",https://api.fda.gov/drug/enforcement.json?search=event_id:90594
2022-08-17,U.S. Food and Drug Administration (FDA),United States,Prednisone,Strides Pharma Science Ltd.,Strides Pharma Inc.,Presence of foreign tablet: 2.5 mg tablet in a 20 mg bottle of Prednisone Tablets,"Prednisone Tablets USP, 20 mg, 100-count bottle, Rx Only, Manufactured by: Strides Pharma Science Ltd., Bengaluru - 562106, India, Distributed by: Strides Pharma Inc., East Brunswick, NJ 08816, NDC 64380-785-06. Lot #: 7248988B, Exp 9/2023",https://api.fda.gov/drug/enforcement.json?search=event_id:90634
2022-06-15,U.S. Food and Drug Administration (FDA),United States,Firmagon,Ferring Pharmaceuticals Inc.,,cGMP deviations: Temperature abuse,"Firmagon (degarelix for injection) 240 mg, Starting Dose, packaged in a kit, Rx only, MFG: Ferring Pharmaceuticals Inc., NDC 55566-8403-01 McKesson Medical-Surgical (MMS) is not able to identify the particular lot number received by a particular consignee for the recalled prescription products. Each letter includes the date it was distributed to customers and the dates that impacted product may have been shipped to the customer.",https://api.fda.gov/drug/enforcement.json?search=event_id:89646
2022-06-15,U.S. Food and Drug Administration (FDA),United States,Ondansetron,Sandoz Pharma,,cGMP deviations: Temperature abuse,"Ondansetron HCL, Tab 8 mg filmcoated, 30-count bottle, Rx only, MFG: Sandoz Pharma, NDC 65862-188-30 McKesson Medical-Surgical (MMS) is not able to identify the particular lot number received by a particular consignee for the recalled prescription products. Each letter includes the date it was distributed to customers and the dates that impacted product may have been shipped to the customer.",https://api.fda.gov/drug/enforcement.json?search=event_id:89646
2022-06-15,U.S. Food and Drug Administration (FDA),United States,Aprepitant,Sandoz Pharma,,cGMP deviations: Temperature abuse,"Aprepitant Capsule, USP, 40 mg, 1 capsule per unit dose package, Rx only, MFG: Sandoz Pharma, NDC 0781-2321-06 McKesson Medical-Surgical (MMS) is not able to identify the particular lot number received by a particular consignee for the recalled prescription products. Each letter includes the date it was distributed to customers and the dates that impacted product may have been shipped to the customer.",https://api.fda.gov/drug/enforcement.json?search=event_id:89646
2022-06-01,U.S. Food and Drug Administration (FDA),United States,Ondansetron,,,Lack of assurance of sterility.,"Ondansetron Hydrochloride, 1 mg/mL, Multi-Dose 30 mL vial, Rx Only, Olympia Pharmaceuticals, 6700 Conroy Rd., Ste. 155 Orlando, FL 32835. NDC 73198-0127-30. Lot: B24015-22 BUD: 8/15/2022",https://api.fda.gov/drug/enforcement.json?search=event_id:90204
2022-05-25,U.S. Food and Drug Administration (FDA),United States,Sirolimus,Apotex Inc. Toronto,,Failed Dissolution Specifications: Sirolimus Oral Solution recalled due to lot RZ1598 exceeded the specification limit at the 14-month timepoint.,"Sirolimus Oral Solution, 1 mg/mL, 60 mL bottle, Rx Only, Manufactured by: Apotex Inc. Toronto, Ontario Canada M9L 1T9 Manufactured for: Apotex Corp. Weston, Florida 33326, NDC 60505-6197-2 Lot: RZ1598, exp. date 02/2023",https://api.fda.gov/drug/enforcement.json?search=event_id:90114
2022-05-18,U.S. Food and Drug Administration (FDA),United States,Mvasi,Amgen Inc. Thousand Oaks,,"Defective container: loose crimp defect, potential loss of container integrity.","MVASI (bevacizumab-awwb), Injection, For Intravenous Infusion After Dilution, 100 mg/4 ml, Single dose vial, Rx only, Manufactured by Amgen Inc. Thousand Oaks, CA 91320-1799, NDC 55513-0206-01 Lots: 1142258, 1143196, Exp. 09/24",https://api.fda.gov/drug/enforcement.json?search=event_id:90112
2022-05-13,Health Canada,Canada,Leucovorin,,,Product safety,Product safety. Leucovorin Calcium Injection: Out of Specification,https://recalls-rappels.canada.ca/en/alert-recall/leucovorin-calcium-injection-out-specification
2022-04-20,U.S. Food and Drug Administration (FDA),United States,Idarubicin,,,Presence of Particulate Matter: Product was found to contain silica and iron oxide,"IDArubicin Hydrochloride Injection USP 5gm/5mL (1mg/mL) for intravenous use, 5mL Single Dose Vial, Rx Only, Teva Pharmaceuticals, USA, Inc., North Wales, PA 19454, NDC 0703-4154-11. Lot #: 31329657B, Exp. Date 08/2023",https://api.fda.gov/drug/enforcement.json?search=event_id:89876
2022-03-09,U.S. Food and Drug Administration (FDA),United States,Dexamethasone,Morton Grove Pharmaceuticals,,Failed Impurities/Degradation Specifications: higher than permissible levels of unknown impurities were found in the drug product.,"Dexamethasone Elixir, USP 0.5 mg/5 mL, Net: 8 fl oz (237 mL) bottle, Rx only, Manufactured By: Morton Grove Pharmaceuticals, Inc., Morton Grove, IL 60053, NDC 60432-466-08. Lot #s: UV1004, UV1005, Exp 6/22; UW1014, UW1015, Exp 1/23; UW1084, Exp 7/23",https://api.fda.gov/drug/enforcement.json?search=event_id:89624
2022-03-02,U.S. Food and Drug Administration (FDA),United States,Bortezomib,. By: Dr. Reddy's Laboratories Limited,,Failed stability specifications,"Bortezomib, 3.5 mg/vial, Single-Dose Vial, Rx Only, Mfd. By: Dr. Reddy's Laboratories Limited, Visakhapatnam - 530 046, India, NDC 43598-865-60 Lot # H210233, Exp 3/1/2023",https://api.fda.gov/drug/enforcement.json?search=event_id:89447
2022-03-02,U.S. Food and Drug Administration (FDA),United States,Azacitidine,. By: Dr. Reddy's Laboratories Limited,,Failed stability specifications,"Azacitidine, 100mg/vial, One Single-dose Vial, Rx Only, Mfd. By: Dr. Reddy's Laboratories Limited, Visakhapatnam - 530 046, India, NDC 43598-465-62 Lot#: H200107, Exp 8/1/2023; H200154, Exp 9/1/2023; H210020, Exp 11/1/2023; H210055, Exp 12/1/2023; H210129, Exp 1/1/2024, H210288, Exp 4/1/2024.",https://api.fda.gov/drug/enforcement.json?search=event_id:89447
2022-02-02,U.S. Food and Drug Administration (FDA),United States,Mvasi,,,Lack of Assurance of Sterility,"MVASI, (bevacizumab-awwb), Sterile Ophthalmic Solution for Injection, 3.25mg/0.13mL (25 mg/mL) 0.13 mL per syringe, Dose: 1.25mg/0.05mL, Single Use Syringe For Intraocular Injection, Edge Pharma, LLC, 856 Hercules Dr. Colchester, VT 05446,  NDC 05446-1661-13 11-2021-01@2 12/15/2021",https://api.fda.gov/drug/enforcement.json?search=event_id:89172
2022-02-02,U.S. Food and Drug Administration (FDA),United States,Dexamethasone,,,CGMP Deviations,"Dexamethasone sodium phosphate 0.4%, 120 mL per bottle, Multiple Dose Container For Topical Use, Edge Pharma, LLC, 856 Hercules Dr., Colchester, VT 05446, NDC 05446-0622-01 06-2021-23@6 12-20-2021, 09-2021-15@4 03-14-2022 & 10-2021-04@10 04-02-2022",https://api.fda.gov/drug/enforcement.json?search=event_id:89172
2022-02-02,U.S. Food and Drug Administration (FDA),United States,Gemcitabine,,,Lack of Assurance of Sterility,"Gemcitabine, Sterile Intravesical Solution, Preservative Free, 1g/50mL (20 mg/mL), 50 mL per syringe, Single Dose Syringe for Intravesical Use, Edge Pharma, LLC, 856 Hercules Dr., Colchester, VT 05446, NDC 05446-1566-50 08-2021-18@1 12/14/2021,  08-2021-27@1 12/09/2021, 09-2021-01@4 12/14/2021, 09-2021-08@2 12/21/2021, 09-2021-14@6 01/05/2021, 09-2021-16@4 12/29/2021, 09-2021-17@4 12/30/2021, 09-2021-22@3 01/04/2022 & 10-2021-27@3 02/08/2022",https://api.fda.gov/drug/enforcement.json?search=event_id:89172
2022-02-02,U.S. Food and Drug Administration (FDA),United States,Methotrexate,,,Lack of Assurance of Sterility,"Methotrexate, USP, Sterile Solution for Injection (PF), 125 mg/5mL (2mg/mL), 5 mL per syringe, Edge Pharma, LLC, 856 Hercules Dr, Colchester, VT 05446, NDC 05446-1505-05 09-2021-10@2 12/23/2021, 10-2021-21@2 02/01/2022 &  11-2021-09@5 02/21/2022",https://api.fda.gov/drug/enforcement.json?search=event_id:89172
2021-09-29,U.S. Food and Drug Administration (FDA),United States,Sirolimus,,American Health Packaging Columbus,Failed Impurities/Degradation Specifications,"Sirolimus Tablets 1 mg, 30 Tablets (5 blister cards x 6 unit doses), Rx only, Packaged and Distributed by: American Health Packaging Columbus, OH 43217, NDC 68084-915-25 Lot #: 1000789, Exp. Date 10/31/2022",https://api.fda.gov/drug/enforcement.json?search=event_id:88650
2021-09-29,U.S. Food and Drug Administration (FDA),United States,Fulvestrant,,,Lack of Assurance of Sterility,Fulvestrant Injection 250 mg/5 mL (50 mg/mL) For Intramuscular Use Only Contains 2 single-dose pre-filled syringes Rx only NDC 68462-317-32 Lots: 30200014 Exp. 04/30/2022; 30200015 Exp. 05/31/2022; 30200015 Exp. 05/31/2022; 30200016 Exp. 05/31/2022; 30200036 Exp. 09/30/2022; 30200038 Exp. 09/30/2022; 30200039 Exp. 09/30/2022; 30200040 Exp. 09/30/2022; 30210001 Exp. 12/31/2022; 30210002 Exp. 12/31/2022; 30210003 Exp. 01/31/2023; 30210004 Exp. 01/31/2023; 30210005 Exp. 01/31/2023; 30210006 Exp. 01/31/2023; 30210014 Exp. 02/28/2023; 30210022 Exp. 02/28/2023; 30210028 Exp. 02/28/2023; 30210029 Exp. 02/28/2023; 30210030 Exp. 02/28/2023; 30210031 Exp. 02/28/2023,https://api.fda.gov/drug/enforcement.json?search=event_id:88591
2021-09-01,U.S. Food and Drug Administration (FDA),United States,Bleomycin,Thymoorgan Pharmazie GmbH Schiffgraben 23,Hikma USA Inc. Berkeley Heights,Labeling: Not elsewhere classified: Mislabeling,"Bleomycin for Injection, USP, packaged in 15 units per single dose vial, Rx only, Manufactured by Thymoorgan Pharmazie GmbH Schiffgraben 23, 38690 Gosfar, Germany Distributed by Hikma USA Inc. Berkeley Heights, NJ 07922, NDC 0143-9240-01 BL0018",https://api.fda.gov/drug/enforcement.json?search=event_id:88402
2021-09-01,U.S. Food and Drug Administration (FDA),United States,Fludarabine,for: Leucadia Pharmaceuticals Carlsbad,,Lack of Assurance of Sterility: the manufacturing firm had microbial recoveries during environmental monitoring in aseptic areas of manufacturing.,"FLUDARABINE PHOSPHATE FOR INJECTION, USP, 50 mg per vial, Single dose vial, Rx Only,    Mfd for: Leucadia Pharmaceuticals Carlsbad, CA 92011 U.S.A, NDC 24201-237-01 Lot#  31327913C, Exp. Date 10/2022",https://api.fda.gov/drug/enforcement.json?search=event_id:88489
2021-09-01,U.S. Food and Drug Administration (FDA),United States,Bleomycin,Thymoorgan Pharmazie GmbH Schiffgraben 23,Hikma USA Inc. Berkeley Heights,Labeling: Not elsewhere classified: Mislabeling,"Bleomycin for Injection, USP, packaged in 15 units per single dose vial, Rx only, Manufactured by Thymoorgan Pharmazie GmbH Schiffgraben 23, 38690 Gosfar, Germany Distributed by Hikma USA Inc. Berkeley Heights, NJ 07922, NDC 0143-9240-01 BL0018",https://api.fda.gov/drug/enforcement.json?search=event_id:88402
2021-08-25,U.S. Food and Drug Administration (FDA),United States,Idarubicin,,,Lack of Assurance of Sterility,"Idarubicin Hydrochloride Injection 20 mg/20 mL, 20 mL single-dose vial, Rx only, Teva Pharmaceuticals USA, Inc. North Wales, PA 19454, NDC 0703-4156-11 Lot #: 31328668B, exp. date 04/2023",https://api.fda.gov/drug/enforcement.json?search=event_id:88442
2021-08-25,U.S. Food and Drug Administration (FDA),United States,Leucovorin,Teva Pharmaceuticals USA,,Lack of Assurance of Sterility,"Leucovorin Calcium for Injection, USP 100 mg/vial, 10 mL single-use vials, Rx only, Teva Parenteral Medicines, Inc. Irvine, CA 92618, NDC 0703-5140-01 Lot #: 31325596B, exp. date 08/2021; 31328129B, exp. date 11/2022; 31328356B, exp. date 01/2023; 31329297B, exp. date 06/2023; 31329569B, 31329821B, exp. date 08/2023",https://api.fda.gov/drug/enforcement.json?search=event_id:88442
2021-08-25,U.S. Food and Drug Administration (FDA),United States,Daunorubicin,,,Lack of Assurance of Sterility,"DAUNOrubicin Hydrochloride Injection 20 mg/4mL, 4mL Single Dose vials, 10 in 1 carton, Rx only, Teva Parenteral Medicines, Inc. Irvine, CA 92618  Vial NDC# 0703-5233-11, Carton NDC # 0703-5233-13 Lot #: 31329250B, exp. date 08/2022",https://api.fda.gov/drug/enforcement.json?search=event_id:88442
2021-07-14,U.S. Food and Drug Administration (FDA),United States,Topotecan,,,"Presence of Particulate Matter: Complaint received of a glass particle observed inside the vial. The vial was returned to Teva for further analysis where two other particulates were found and identified as one (1) grey silicone particle and one (1) translucent, colorless cotton fiber.","Topotecan Injection 4 mg/4mL (1 mg/mL), Single-Dose vial, Teva Pharmaceuticals USA, Inc. North Whales, PA 19454, Carton NDC# 0703-4714-01, Vial NDC# 0703-4714-71 Lot # 31328962B, exp. date 04/2022",https://api.fda.gov/drug/enforcement.json?search=event_id:88154
2021-06-02,U.S. Food and Drug Administration (FDA),United States,Ondansetron,,,CGMP Deviations: Intermittent exposure to temperature excursion during storage.,ONDANSETRON HCL 4MG 30; NDC/UPC 65862018730; RX; TABLETS ON0420015-A,https://api.fda.gov/drug/enforcement.json?search=event_id:87512
2021-06-02,U.S. Food and Drug Administration (FDA),United States,Gemcitabine,,,CGMP Deviations: Intermittent exposure to temperature excursion during storage.,GEMCITABINE INJECTION 200MG/5.26ML; NDC/UPC 72485-221-02; RX; SINGLEDOSE VIAL 7T10050A,https://api.fda.gov/drug/enforcement.json?search=event_id:87512
2021-06-02,U.S. Food and Drug Administration (FDA),United States,Leucovorin,,,CGMP Deviations: Intermittent exposure to temperature excursion during storage.,LEUCOVORIN 15MG 24; NDC/UPC 54449810; RX; TABLETS 064159A,https://api.fda.gov/drug/enforcement.json?search=event_id:87512
2021-06-02,U.S. Food and Drug Administration (FDA),United States,Methotrexate,,Hospira,CGMP Deviations: Intermittent exposure to temperature excursion during storage.,"Methotrexate Injection, USP 50 mg/2mL (25 mg/mL) 5 x 2mL Single-Dose Vials, Sterile, Rx Only, Distributed by Hospira, Inc. Lake Forest, IL 60045. NDC 61703-350-38. H074437AA",https://api.fda.gov/drug/enforcement.json?search=event_id:87512
2021-06-02,U.S. Food and Drug Administration (FDA),United States,Gemcitabine,,,CGMP Deviations: Intermittent exposure to temperature excursion during storage.,GEMCITABINE INJECTION 200MG/5.26ML; NDC/UPC 72485-221-02; RX; SINGLEDOSE VIAL 7T10050A,https://api.fda.gov/drug/enforcement.json?search=event_id:87512
2021-06-02,U.S. Food and Drug Administration (FDA),United States,Leucovorin,,,CGMP Deviations: Intermittent exposure to temperature excursion during storage.,LEUCOVORIN 15MG 24; NDC/UPC 54449810; RX; TABLETS 064159A,https://api.fda.gov/drug/enforcement.json?search=event_id:87512
2021-06-02,U.S. Food and Drug Administration (FDA),United States,Ondansetron,,,CGMP Deviations: Intermittent exposure to temperature excursion during storage.,ONDANSETRON HCL 4MG 30; NDC/UPC 65862018730; RX; TABLETS ON0420015-A,https://api.fda.gov/drug/enforcement.json?search=event_id:87512
2021-05-26,U.S. Food and Drug Administration (FDA),United States,Leucovorin,Teva Pharmaceuticals USA,,Lack of Assurance of Sterility,"Leucovorin Calcium for Injection, equivalent to leucovorin 350 mg/vial (20 mg/mL), Rx Only, FOR IM or IV Use, Sterile, Teva Parenteral Medicines, Inc., Irvine, CA  NDC 0703-5145-01; ALSO LABELED UNDER: NOVAPLUS, Manufactured By: Teva Pharmaceuticals USA, Inc., North Wales, PA 19454 NDC 0703-5145-91 (Novaplus, a registered trademark of Vizient, Inc.) NDC 0703-5145-01: Lot # 31325332B, exp. date 08/2021, Lot # 31325756B, exp. date 09/2021 AND NDC 0703-5145-91: Lot # 31325685B, exp. date 09/2021",https://api.fda.gov/drug/enforcement.json?search=event_id:87875
2021-03-24,U.S. Food and Drug Administration (FDA),United States,Romidepsin,,,Failed Impurity/Degradation Specifications: Out-of-specifications results observed for impurities during stability testing.,"Romidepsin Injecton, 27.5 mg/5.5 mL (5 mg/mL) Rx Only, 5.5 ml vial, Teva Pharmaceuticals USA, Inc. NDC 0703-4004-01 Lot # 31328184C, exp. date 11/2021  Lot # 31327686C, exp. date 08/2021  Lot # 31327685C, exp. date 08/2021",https://api.fda.gov/drug/enforcement.json?search=event_id:87452
2021-03-03,U.S. Food and Drug Administration (FDA),United States,Imatinib,,Dr. Reddy's Laboratories Inc.,Failed Dissolution Specifications,"Imatinib Mesylate Tablets 100mg, packaged as a) 90-count bottles (NDC 43598-344-90); and b) For Institutional Use Only 30-count (3 x 10 unit-dose) tablets per carton (NDC 43598-344-31); Rx only, Distributor: Dr. Reddy's Laboratories Inc., Princeton, NJ 08540; Made in India. Lot #: a) H2000206, Exp 06/22; b) H2000138, Exp 06/22",https://api.fda.gov/drug/enforcement.json?search=event_id:87339
2021-03-03,U.S. Food and Drug Administration (FDA),United States,Dacarbazine,,,Lack of Assurance of Sterility: manufacturing areas for the recalled products exceeded acceptance levels for microbial recovery leading to a lack of sterility assurance for these sterile injectable products.,"Dacarbazine for Injection USP, 200 mg, Single Use Vial (NDC 0703-5075-01), packaged in 10X20 ML Single Use Vials per tray (NDC 0703-5075-03); Rx only, TEVA Pharmaceuticals USA, INC., North Wales, PA  19454. Lot # 31326582B, exp. date 02/2022;  Lot # 31326964B, exp. date 04/2022",https://api.fda.gov/drug/enforcement.json?search=event_id:87298
2021-03-03,U.S. Food and Drug Administration (FDA),United States,Irinotecan,,Areva Pharmaceuticals,"CGMP Deviations: based on a Warning Letter received by the manufacturer of the recalled product for inadequate out-of specification investigations, complaint and the investigation conclusions.","Irinotecan Hydrochloride Injection, USP, 40 mg/2 mL (20 mg/mL), 2 mL Single-Dose Vial, Rx Only, Distributed by: Areva Pharmaceuticals, Inc., Gerogetown, IN 47122, Made in India, NDC 59923-714-02. Lot 7S10022A, Exp Jan-21",https://api.fda.gov/drug/enforcement.json?search=event_id:87363
2021-03-03,U.S. Food and Drug Administration (FDA),United States,Leucovorin,Teva Pharmaceuticals USA,,Lack of Assurance of Sterility: manufacturing areas for the recalled products exceeded acceptance levels for microbial recovery leading to a lack of sterility assurance for these sterile injectable products.,"Leucovorin Calcium for Injection, USP, 100 mg/vial, Single-Dose Vial, Rx only, Teva Parenteral Medicines, Inc., Irvine, CA  92618, NDC 0703-5140-01. Lot #   31326364B, exp. date 01/2022  31327120B, exp. date 05/2022  31327963B, exp. date 10/2022",https://api.fda.gov/drug/enforcement.json?search=event_id:87298
2021-03-03,U.S. Food and Drug Administration (FDA),United States,Dacarbazine,,,Lack of Assurance of Sterility: manufacturing areas for the recalled products exceeded acceptance levels for microbial recovery leading to a lack of sterility assurance for these sterile injectable products.,"Dacarbazine for Injection USP, 200 mg, Single Use Vial (NDC 0703-5075-01), packaged in 10X20 ML Single Use Vials per tray (NDC 0703-5075-03); Rx only, TEVA Pharmaceuticals USA, INC., North Wales, PA  19454. Lot # 31326582B, exp. date 02/2022;  Lot # 31326964B, exp. date 04/2022",https://api.fda.gov/drug/enforcement.json?search=event_id:87298
2021-03-03,U.S. Food and Drug Administration (FDA),United States,Imatinib,,Dr. Reddy's Laboratories Inc.,Failed Dissolution Specifications,"Imatinib Mesylate Tablets 100mg, packaged as a) 90-count bottles (NDC 43598-344-90); and b) For Institutional Use Only 30-count (3 x 10 unit-dose) tablets per carton (NDC 43598-344-31); Rx only, Distributor: Dr. Reddy's Laboratories Inc., Princeton, NJ 08540; Made in India. Lot #: a) H2000206, Exp 06/22; b) H2000138, Exp 06/22",https://api.fda.gov/drug/enforcement.json?search=event_id:87339
2021-01-27,U.S. Food and Drug Administration (FDA),United States,Human,,,CGMP deviations: Lack of potency testing.,"HUMAN CHORIONIC GONADOTROPIN 5,000 IU per vial Aso contains Mannitol 9%, Sodium Phosphate 2% in water for injection. Lyophilized, Unpreserved. Complete Pharmacy & Medical Solutions 5829 NW 158th St, Miami Lakes, FL 33014 Tel: 305-397-2035 Lot #: 40570 Use By Date 01/30/2021",https://api.fda.gov/drug/enforcement.json?search=event_id:87076
2021-01-20,U.S. Food and Drug Administration (FDA),United States,Methotrexate,,,Lack of Assurance of Sterility; the media used to conduct post-compounding sterility testing for the Methotrexate product was expired.,"Methotrexate, USP Sterile Solution for Injection, Preservative Free 125mg/5ml (25mg/ml), 5 mL per syringe, Rx Only, SYRINGE FOR IM INJECTION, Edge Pharma, LLC 856 Hercules Dr. Colchester, VT 05446 Customer Service (USA) 1-802-992-1178, Barcode 0544650505 Lot# 01-2020-28@10",https://api.fda.gov/drug/enforcement.json?search=event_id:87115
2021-01-06,U.S. Food and Drug Administration (FDA),United States,Dexamethasone,,,Lack of assurance of sterility: 13 vials were discovered to have faulty crimps.,"Dexamethasone - Moxifloxacin PF Injection (1/5) mg/mL, Imprimis Rx Volume: 1mL/vial, Imprimis NJOF, LLC. 1705 Route 46 West, Unit 6B Ledgewood, NJ - 07852 (844)446-6979 Lot#: 20JUN010, Exp 5/12/21",https://api.fda.gov/drug/enforcement.json?search=event_id:87029
2020-12-23,U.S. Food and Drug Administration (FDA),United States,Azacitidine,Shilpa Medicare Limited Jadcherla -509301 INDIA Distributed by: Cipla USA,Cipla USA,cGMP deviations: Vials may not be sealed correctly affecting sterility.,"Azacitidine for Injection 100 mg/vial For Subcutaneous and Intravenous Use Only Single-Dose Vial Manufactured by Shilpa Medicare Limited Jadcherla -509301 INDIA Distributed by: Cipla USA, Inc. 10 Independence Blvd, Suite 300 Warren, NJ 07059 NDC 69097-805-40 Lot #: 7S10182A, Ex 9/2021",https://api.fda.gov/drug/enforcement.json?search=event_id:86969
2020-12-16,U.S. Food and Drug Administration (FDA),India,Imatinib,Shilpa Medicare Limited,Armas Pharmaceuticals Inc.,CGMP Deviations,"Imatinib Mesylate Tablets 100 mg, Rx Only, 90-count Bottle, Manufactured by: Shilpa Medicare Limited, India, Distributed by: Armas Pharmaceuticals Inc., Manalapan, NJ 07726, NDC 72485-202-90. Lot #s: 7S10033B, 7S10033A, 7S10031A, Exp. 02/28/2021.",https://api.fda.gov/drug/enforcement.json?search=event_id:86749
2020-12-16,U.S. Food and Drug Administration (FDA),India,Busulfan,Shilpa Medicare Limited,Armas Pharmaceuticals,CGMP Deviations,"Busulfan Injection 60 mg/10 mL (6 mg/mL), For Intravenous Infusion Only, Must be diluted before use, Single Dose Vial, Sterile, Cytotoxic Agent, Rx Only, 10 mL vial, Manufactured by: Shilpa Medicare Limited, India, Distributed by: Armas Pharmaceuticals, Inc., Manalapan, NJ 07726, Vial NDC 72485-210-01, Carton NDC 72485-210-08. Lot #: 7S10008B, Exp. 12/31/2020",https://api.fda.gov/drug/enforcement.json?search=event_id:86749
2020-12-16,U.S. Food and Drug Administration (FDA),India,Docetaxel,Shilpa Medicare Limited,Armas Pharmaceuticals,CGMP Deviations,"Docetaxel Injection USP 160 mg/8mL (20 mg/mL), For Intravenous Infusion Only, Rx Only, 8 mL Single Use Vial, Cytotoxic Agent, Manufactured by: Shilpa Medicare Limited, India, Distributed by: Armas Pharmaceuticals, Inc., Manalapan, NJ 07726, NDC 72485-216-08. Lot #: 7S10185A, Exp. 10/31/2021",https://api.fda.gov/drug/enforcement.json?search=event_id:86749
2020-12-16,U.S. Food and Drug Administration (FDA),India,Busulfan,Shilpa Medicare Limited,Armas Pharmaceuticals,CGMP Deviations,"Busulfan Injection 60 mg/10 mL (6 mg/mL), For Intravenous Infusion Only, Must be diluted before use, Single Dose Vial, Sterile, Cytotoxic Agent, Rx Only, 10 mL vial, Manufactured by: Shilpa Medicare Limited, India, Distributed by: Armas Pharmaceuticals, Inc., Manalapan, NJ 07726, Vial NDC 72485-210-01, Carton NDC 72485-210-08. Lot #: 7S10008B, Exp. 12/31/2020",https://api.fda.gov/drug/enforcement.json?search=event_id:86749
2020-12-16,U.S. Food and Drug Administration (FDA),India,Azacitidine,Shilpa Medicare Limited,Armas Pharmaceuticals,CGMP Deviations,"Azacitidine for Injection 100 mg/vial, For Subcutaneous and Intravenous Use Only, Rx Only, One Single Dose Vial, Cytotoxic Agent, Manufactured by: Shilpa Medicare Limited, India, Distributed by: Armas Pharmaceuticals, Inc., Manalapan, NJ 07726, NDC 72606-558-01. Lot #: 7S10227A, Exp. 10/31/2021",https://api.fda.gov/drug/enforcement.json?search=event_id:86749
2020-12-02,U.S. Food and Drug Administration (FDA),United States,Doxorubicin,,,Cross Contamination with Other Products: trace amounts of octreotide found during testing,"DOXOrubicin Hydrochloride Injection, USP, 10 mg / 5 mL (2 mg / mL), 5 mL fill in a 6 mL vial, Single Dose Vial, Rx only, Sterile, Fresenius Kabi, Lake Zurich, IL 60047.  NDC: 63323-883-05 Batch: 6120525, exp 11/2020",https://api.fda.gov/drug/enforcement.json?search=event_id:86765
2020-08-26,U.S. Food and Drug Administration (FDA),United States,Prednisone,Tianjin Tianyao Pharmaceuticals Co.,Lannett Company,"Labeling: Label Mix Up: bottle labeled to contain  Prednisone Tablets, USP 2.5 mg actually contained Prednisone Tablets, USP 10 mg","Prednisone Tablets, USP 2.5 mg, 100 tablets, Rx only,  Distributed by: Lannett Company, Inc., Philadelphia, PA 19136, Manufactured by: Tianjin Tianyao Pharmaceuticals Co., Ltd No. 221 Huanghai Road, Tianjin Economical-Technological Development Area, Tianjin, China 300457  NDC 0527-2931-37 Batch Number PE190701e1 with expiry June 2021",https://api.fda.gov/drug/enforcement.json?search=event_id:86130
2020-08-26,U.S. Food and Drug Administration (FDA),United States,Elitek,. by Sanofi - Aventis U. S. LLC Bridgewater,,Failed Stability Specifications: Out of Specification result for enzyme activity levels noted during routine stability testing.,"Elitek (rasburicase) for injection, 7.5 mg vial, Rx Only Mfd. by Sanofi - Aventis U. S. LLC Bridgewater, NJ, 08807, NDC 0024-5151-75 Lot #: A9306, Exp 2/28/2022",https://api.fda.gov/drug/enforcement.json?search=event_id:86219
2020-08-19,U.S. Food and Drug Administration (FDA),United States,Leucovorin,,,Failed Tablet/Capsule Specifications: Tablets are imprinted with the incorrect identification code.,"Leucovorin Calcium Tablets USP, 10 mg, Rx only, 24 Tablets per bottle, Distr. by: West-Ward Pharmaceuticals Corp. Eatontown, NJ 07724, NDC 0054-4497-10 Lot: #064046A, Exp. 03/2022",https://api.fda.gov/drug/enforcement.json?search=event_id:86079
2020-07-13,Health Canada,Canada,Aldara,,,Product safety,Product safety. Aldara P (2020-07-13),https://recalls-rappels.canada.ca/en/alert-recall/aldara-p-2020-07-13
2020-06-24,U.S. Food and Drug Administration (FDA),United States,Irinotecan,Thymoorgan Pharmazie GmbH,West-Word Pharmaceutical Corp. Eatontown,Defective Container: Customer complaints received of a crimp defect while removing the flip-cap during use.,"Irinotecan HCL Injection, USP, 100mg/5mL, 5 mL vials, Rx only, Manufactured by: Thymoorgan Pharmazie GmbH, Shiffgraben 23, 38690 Golsar, Germany  Distributed by: West-Word Pharmaceutical Corp. Eatontown, NJ 07724 USA, NDC 0143-9583-01 Lot #:AC0231A, exp. date 08/2021",https://api.fda.gov/drug/enforcement.json?search=event_id:85831
2020-05-08,Health Canada,Canada,Tepadina,,,Product safety,Product safety. Tepadina (2020-05-08),https://recalls-rappels.canada.ca/en/alert-recall/tepadina-2020-05-08
2020-04-22,U.S. Food and Drug Administration (FDA),United States,Fluorouracil,,,Lack of Processing Control,"Fluorouracil (5-FU) 4.5% Cream 100 GM, tube Rx, The Medicine Shoppe Pharmacy, Port Charlotte, FL Lot: 45044 Discard by: 8/2/2020",https://api.fda.gov/drug/enforcement.json?search=event_id:85404
2020-04-08,U.S. Food and Drug Administration (FDA),United States,Mitomycin,,,Lack of Assurance of Sterility: due to concerns with production processes which cannot assure sterility of products intended to be sterile.,"*Mitomycin 0.04% Ophth DR eye drops, 5 mL bottle, Rx only,  Medical Center Pharmacy, 2401 N. Ocoee Street, Cleveland, TN 37311, NDC 67457-0518-05. Lot: 03022020@5 BUD: 03/16/2020",https://api.fda.gov/drug/enforcement.json?search=event_id:85217
2020-03-11,U.S. Food and Drug Administration (FDA),United States,Human,,,Lack of Assurance of Sterility,"Human Chorionic Gonadotropin (hCG) Injection, HCG [10ML] 1000 IU/ML INJECTABLE, For IM, SC Use, Refrigerate,10 mL Multi-dose Vial, Rx only, Axia Pharmaceutical 1990 Westwood Blvd. Ste 135, Los Angeles, CA 90025; NDC 71283-0533-1 Lot #: 07222019+52720, Exp 1/28/2020; 09182019+52923, Exp 3/26/2020; 10232019+53148, Exp 2/28/2020; 11142019+53243, Exp 5/22/2020",https://api.fda.gov/drug/enforcement.json?search=event_id:84978
2020-03-11,U.S. Food and Drug Administration (FDA),United States,Dexamethasone,,,Lack of Assurance of Sterility,"Dexamethasone (LA) Injectable Suspension, DEXAMETHASONE LA [10ML] 16MG  INJ SUSP, For IM, IA Use, Shake Well, 10 mL Multi-dose Vial, Rx only, Axia Pharmaceutical 1990 Westwood Blvd. Ste 135, Los Angeles, CA 90025; NDC 71283-0630-1 Lot #: 10022019+53002, Exp 10/1/2020",https://api.fda.gov/drug/enforcement.json?search=event_id:84978
2020-03-04,U.S. Food and Drug Administration (FDA),United States,Zoledronic,Pharmaceutics International,Breckenridge Pharmaceutical,Failed Impurities/Degradation Specifications: Out-of-specification results obtained for impurities during stability testing.,"Zoledronic Acid Injection 5 mg/100 mL (0.05 mg/mL), Solution for Intravenous Infusion, Sterile Solution, 100 mL Single - Dose Vial per Carton, Rx Only, Distributed by: Breckenridge Pharmaceutical, Inc., Boca Raton, FL 33487, Manufactured by: Pharmaceutics International, Inc., Hunt Valley, MD 21031, NDC 51991-064-98. Lot # 5553.044E; 5553.044F, Exp. 04/30/2021",https://api.fda.gov/drug/enforcement.json?search=event_id:85054
2020-02-19,U.S. Food and Drug Administration (FDA),United States,Raloxifene,,American Health Packaging,Failed Dissolution Specifications: Low out of specification results obtained during stability testing.,"Raloxifene Hydrochloride Tablets, USP, 60 mg, 30 Tablets (3 x 10 blister cards), Rx Only, Packaged and Distributed by: American Health Packaging, Columbus, Ohio 43217.  NDC carton: 60687-266-21; NDC Unit Dose: 60687-266-11 Lot #:180276A, Exp date 02/29/2020",https://api.fda.gov/drug/enforcement.json?search=event_id:84898
2020-01-06,Health Canada,Canada,Docetaxel,,,Product safety,Product safety. Docetaxel Injection (2020-01-06),https://recalls-rappels.canada.ca/en/alert-recall/docetaxel-injection-2020-01-06
